{"head":{"docType":"3","editorVersion":"6.5.44","newgId":true,"c_para":[],"x":4020,"y":3277,"hasIdFlag":true},"canvas":"CA~1000~1000~#000000~yes~#FFFFFF~10~1000~1000~line~0.5~mil~1~45~~0.5~4020~3277~0~yes","shape":["TRACK~1~10~~4020 2883.3 4413.7 2883.3 4413.7 3277 4020 3277 4020 2883.3~gge7~0","VIA~4255.5~3266.5~2.4016~GND~0.6004~gge610~0","VIA~4255.5~3258.626~2.4016~GND~0.6004~gge613~0","VIA~4255.5~3250.752~2.4016~GND~0.6004~gge616~0","VIA~4255.5~3242.878~2.4016~GND~0.6004~gge619~0","VIA~4255.5~3211.382~2.4016~GND~0.6004~gge622~0","VIA~4255.5~3203.508~2.4016~GND~0.6004~gge625~0","VIA~4255.5~3195.634~2.4016~GND~0.6004~gge628~0","VIA~4255.5~3187.76~2.4016~GND~0.6004~gge631~0","VIA~4255.5~3179.886~2.4016~GND~0.6004~gge634~0","VIA~4255.5~3172.012~2.4016~GND~0.6004~gge637~0","VIA~4255.5~3156.264~2.4016~GND~0.6004~gge640~0","VIA~4255.5~3148.39~2.4016~GND~0.6004~gge643~0","VIA~4255.5~3140.516~2.4016~GND~0.6004~gge646~0","VIA~4255.5~3109.02~2.4016~GND~0.6004~gge649~0","VIA~4255.5~3101.146~2.4016~GND~0.6004~gge652~0","VIA~4255.5~3093.272~2.4016~GND~0.6004~gge655~0","VIA~4255.5~3085.398~2.4016~GND~0.6004~gge658~0","VIA~4255.5~3077.524~2.4016~GND~0.6004~gge661~0","VIA~4255.5~3069.65~2.4016~GND~0.6004~gge664~0","VIA~4255.5~3061.776~2.4016~GND~0.6004~gge667~0","VIA~4255.5~3053.902~2.4016~GND~0.6004~gge670~0","VIA~4255.5~3046.028~2.4016~GND~0.6004~gge673~0","VIA~4255.5~3038.154~2.4016~GND~0.6004~gge676~0","VIA~4105.508~2896.2554~2.4016~GND~0.6004~gge679~0","VIA~4113.382~2896.2554~2.4016~GND~0.6004~gge682~0","VIA~4121.256~2896.2554~2.4016~GND~0.6004~gge685~0","VIA~4129.13~2896.2554~2.4016~GND~0.6004~gge688~0","VIA~4137.004~2896.2554~2.4016~GND~0.6004~gge691~0","VIA~4144.878~2896.2554~2.4016~GND~0.6004~gge694~0","VIA~4152.752~2896.2554~2.4016~GND~0.6004~gge697~0","VIA~4160.626~2896.2554~2.4016~GND~0.6004~gge700~0","VIA~4168.5~2896.2554~2.4016~GND~0.6004~gge703~0","VIA~4174.5~2902.2554~2.4016~GND~0.6004~gge706~0","VIA~4180~2907.7554~2.4016~GND~0.6004~gge709~0","VIA~4185.5~2913.2554~2.4016~GND~0.6004~gge712~0","VIA~4191~2918.7554~2.4016~GND~0.6004~gge715~0","VIA~4196.3499~2924.1053~2.4016~GND~0.6004~gge718~0","VIA~4203.0999~2930.8553~2.4016~GND~0.6004~gge721~0","VIA~4207.5999~2935.3553~2.4016~GND~0.6004~gge724~0","VIA~4216.1999~2943.9553~2.4016~GND~0.6004~gge727~0","VIA~4224.7999~2952.5553~2.4016~GND~0.6004~gge730~0","VIA~4229~2956.7554~2.4016~GND~0.6004~gge733~0","VIA~4229~2963.6118~2.4016~GND~0.6004~gge736~0","VIA~4229~2970.8118~2.4016~GND~0.6004~gge739~0","VIA~4229~2977.8118~2.4016~GND~0.6004~gge742~0","VIA~4229~2985.2118~2.4016~GND~0.6004~gge745~0","VIA~4229~2992.2554~2.4016~GND~0.6004~gge748~0","VIA~4244.3128~3007.5682~2.4016~GND~0.6004~gge751~0","VIA~4234.1379~2997.3933~2.4016~GND~0.6004~gge754~0","VIA~4239.5879~3002.8433~2.4016~GND~0.6004~gge757~0"],"layers":["1~TopLayer~#FF0000~true~true~true~","2~BottomLayer~#0000FF~true~false~true~","3~TopSilkLayer~#FFCC00~true~false~true~","4~BottomSilkLayer~#66CC33~true~false~true~","5~TopPasteMaskLayer~#808080~true~false~true~","6~BottomPasteMaskLayer~#800000~true~false~true~","7~TopSolderMaskLayer~#800080~true~false~true~0.3","8~BottomSolderMaskLayer~#AA00FF~true~false~true~0.3","9~Ratlines~#6464FF~false~false~true~","10~BoardOutLine~#FF00FF~true~false~true~","11~Multi-Layer~#C0C0C0~true~false~true~","12~Document~#FFFFFF~true~false~true~","13~TopAssembly~#33CC99~false~false~false~","14~BottomAssembly~#5555FF~false~false~false~","15~Mechanical~#F022F0~false~false~false~","19~3DModel~#66CCFF~false~false~false~","21~Inner1~#999966~false~false~false~~","22~Inner2~#008000~false~false~false~~","23~Inner3~#00FF00~false~false~false~~","24~Inner4~#BC8E00~false~false~false~~","25~Inner5~#70DBFA~false~false~false~~","26~Inner6~#00CC66~false~false~false~~","27~Inner7~#9966FF~false~false~false~~","28~Inner8~#800080~false~false~false~~","29~Inner9~#008080~false~false~false~~","30~Inner10~#15935F~false~false~false~~","31~Inner11~#000080~false~false~false~~","32~Inner12~#00B400~false~false~false~~","33~Inner13~#2E4756~false~false~false~~","34~Inner14~#99842F~false~false~false~~","35~Inner15~#FFFFAA~false~false~false~~","36~Inner16~#99842F~false~false~false~~","37~Inner17~#2E4756~false~false~false~~","38~Inner18~#3535FF~false~false~false~~","39~Inner19~#8000BC~false~false~false~~","40~Inner20~#43AE5F~false~false~false~~","41~Inner21~#C3ECCE~false~false~false~~","42~Inner22~#728978~false~false~false~~","43~Inner23~#39503F~false~false~false~~","44~Inner24~#0C715D~false~false~false~~","45~Inner25~#5A8A80~false~false~false~~","46~Inner26~#2B937E~false~false~false~~","47~Inner27~#23999D~false~false~false~~","48~Inner28~#45B4E3~false~false~false~~","49~Inner29~#215DA1~false~false~false~~","50~Inner30~#4564D7~false~false~false~~","51~Inner31~#6969E9~false~false~false~~","52~Inner32~#9069E9~false~false~false~~","99~ComponentShapeLayer~#00CCCC~false~false~false~0.4","100~LeadShapeLayer~#CC9999~false~false~false~","101~ComponentMarkingLayer~#66FFCC~false~false~false~","Hole~Hole~#222222~~false~true~","DRCError~DRCError~#FAD609~~false~true~"],"objects":["All~true~false","Component~true~true","Prefix~true~true","Name~true~false","Track~true~true","Pad~true~true","Via~true~true","Hole~true~true","Copper_Area~true~true","Circle~true~true","Arc~true~true","Solid_Region~true~true","Text~true~true","Image~true~true","Rect~true~true","Dimension~true~true","Protractor~true~true"],"BBox":{"x":4020,"y":2883.3,"width":393.7,"height":393.7},"preference":{"hideFootprints":"","hideNets":""},"DRCRULE":{"Default":{"trackWidth":1,"clearance":0.6,"viaHoleDiameter":2.4,"viaHoleD":1.2},"isRealtime":false,"isDrcOnRoutingOrPlaceVia":false,"checkObjectToCopperarea":true,"showDRCRangeLine":true},"netColors":[]}